"Country","start_year","end_year","Delta_Population","Delta_GDP","Delta_Per_Capita_GDP","pct_change_Population","pct_change_GDP","pct_change_Per_Capita_GDP","Greatest_Change1","Greatest_Change2","Greatest_Change3","Greatest_Change4","Greatest_Change5","Greatest_Change6"
"Afghanistan",1990,1995,6212.141,1839,-91.6332,0.423477908581975,0.207538652522289,-0.151698289377186,"Delta Population",NA,NA,"%_change_Population",NA,NA
"Afghanistan",2000,2005,6030.789,9172,192.5629,0.252353294587316,0.679005034053894,0.340680065438744,NA,"Delta_GDP","Delta_Per_Capita_GDP",NA,"% change_GDP","% change_Per_Capita_GDP"
"Algeria",1955,1960,1067.443,8556.05,642.8792,0.108459577370151,0.601535608225157,0.444830174757005,NA,NA,"Delta_Per_Capita_GDP",NA,"% change_GDP","% change_Per_Capita_GDP"
"Algeria",1980,1985,3202.389,16238.29,279.2075,0.17028494164727,0.273955678616149,0.0885859723438977,"Delta Population",NA,NA,"%_change_Population",NA,NA
"Algeria",2000,2005,2131.508,22751,511.3271,0.0700480495281724,0.261178523459114,0.178618609710343,NA,"Delta_GDP",NA,NA,NA,NA
"Angola",1975,1980,857.625,169,-111.3842,0.145719404871841,0.0267659170098194,-0.103824305846781,NA,NA,NA,"%_change_Population",NA,NA
"Angola",2000,2005,1329.687,5078,346.2964,0.12813460422672,0.635464898010262,0.449707200298786,"Delta Population","Delta_GDP","Delta_Per_Capita_GDP",NA,"% change_GDP","% change_Per_Capita_GDP"
"Argentina",1870,1875,395,1227.79775,210.33775,0.219933184855234,0.521604815018575,0.160486477454285,NA,NA,NA,"%_change_Population",NA,NA
"Argentina",1900,1905,971,6771.051,723.059,0.206903899424675,0.52359552994606,0.262400210774007,NA,NA,NA,NA,"% change_GDP","% change_Per_Capita_GDP"
"Argentina",1985,1990,2364,2877,-402.009,0.0770735524256651,0.013723460582615,-0.0588168337032225,"Delta Population",NA,NA,NA,NA,NA
"Argentina",1990,1995,2238,70135,1580.147,0.0677442789683981,0.330019104264109,0.245634409992846,NA,"Delta_GDP","Delta_Per_Capita_GDP",NA,NA,NA
"Australia",1870,1875,99,1945,864.968,0.0557746478873239,0.334767641996558,0.264254458657006,NA,NA,NA,NA,"% change_GDP","% change_Per_Capita_GDP"
"Australia",1880,1885,453,2304,136.875,0.206190259444697,0.244715878916622,0.0319399242402498,NA,NA,NA,"%_change_Population",NA,NA
"Australia",1985,1990,1261,45736,1534.326,0.0803440586173941,0.186339857564251,0.098112998578623,"Delta Population",NA,NA,NA,NA,NA
"Australia",1995,2000,1077,72482.8,2730.171,0.059913217623498,0.212201588405716,0.143680090265441,NA,"Delta_GDP","Delta_Per_Capita_GDP",NA,NA,NA
"Austria",1900,1905,319,2227.845,207.970204205639,0.0534069981583794,0.129427792915531,0.0721665936243593,NA,NA,NA,"%_change_Population",NA,NA
"Austria",1945,1950,136.1,13976.5,1981.48304263497,0.020017649654361,1.19197475587395,1.1489576740331,NA,NA,NA,NA,"% change_GDP","% change_Per_Capita_GDP"
"Austria",1990,1995,324.48,14761.6581272781,1153.12631940737,0.0420150167947415,0.113136961029447,0.068254241146618,"Delta Population",NA,NA,NA,NA,NA
"Austria",1995,2000,65.9799999999996,22640.3418727219,2643.71536538613,0.00819888776955329,0.155884790244147,0.146484889307228,NA,"Delta_GDP","Delta_Per_Capita_GDP",NA,NA,NA
"Bahrain",1870,1875,5.1064575,13.43795125,63.6473125,0.154102870293584,0.503892875315872,0.0586018675127544,NA,NA,NA,NA,"% change_GDP",NA
"Bahrain",1975,1980,88.779,510.17697,465.989,0.343055539454923,0.502619057081522,0.11880634032905,"Delta Population",NA,NA,"%_change_Population",NA,NA
"Bahrain",2000,2005,54.2080000000001,1105,1206.909,0.0854831053857449,0.344451371571072,0.238574069490975,NA,"Delta_GDP","Delta_Per_Capita_GDP",NA,NA,"% change_Per_Capita_GDP"
"Bangladesh",1870,1875,2029.68625,1440.98487179487,16.31801875,0.154102902745278,0.530234686247485,0.0586018695619697,NA,NA,NA,NA,"% change_GDP",NA
"Bangladesh",1975,1980,11784.79,7931,19.255,0.154752421915277,0.19675994839734,0.0363778161634638,NA,NA,NA,"%_change_Population",NA,NA
"Bangladesh",1990,1995,12693.47,16854.044,71.2483,0.113907498116643,0.239676393629124,0.112907729443489,"Delta Population",NA,NA,NA,NA,NA
"Bangladesh",2000,2005,11339.2,34671.596,171.2543,0.0829607578904796,0.308544654296568,0.208302935045417,NA,"Delta_GDP","Delta_Per_Capita_GDP",NA,NA,"% change_Per_Capita_GDP"
"Belgium",1900,1905,456,2781.842,150.589992558416,0.0678672421491293,0.110967741935484,0.0403612903225805,"Delta Population",NA,NA,"%_change_Population",NA,NA
"Belgium",1945,1950,300.369000000001,11058.401,1129.35892846863,0.0360197865451494,0.306058998385319,0.260650631722661,NA,NA,NA,NA,"% change_GDP","% change_Per_Capita_GDP"
"Belgium",1995,2000,108.159,26471.4426314711,2386.6238570752,0.0106503310190115,0.142673539165726,0.130631934799446,NA,"Delta_GDP","Delta_Per_Capita_GDP",NA,NA,NA
"Benin",1870,1875,72.4083999999999,98.08700625,36.868825,0.140837684725902,0.403400720665366,0.0746745467331326,NA,NA,NA,NA,"% change_GDP",NA
"Benin",1975,1980,462.457,996.8983,158.6526,0.154378497832658,0.343320844983297,0.16367451043141,NA,NA,"Delta_Per_Capita_GDP",NA,NA,"% change_Per_Capita_GDP"
"Benin",1990,1995,941.384,1233.5583,29.0113999999999,0.200062820878464,0.2307010099121,0.0255304776600179,NA,NA,NA,"%_change_Population",NA,NA
"Benin",2000,2005,1158.589,1929,56.6570999999999,0.175036711828763,0.22686110784429,0.0441044489779364,"Delta Population","Delta_GDP",NA,NA,NA,NA
"Bolivia",1870,1875,33.5,301.88222,83.022213333333,0.0224080267558528,1.04905195771436,0.186780246666939,NA,NA,NA,NA,"% change_GDP",NA
"Bolivia",1965,1970,492.903,2501,370.6571,0.127916612060005,0.359442368496694,0.205268552745697,NA,NA,"Delta_Per_Capita_GDP",NA,NA,"% change_Per_Capita_GDP"
"Bolivia",1970,1975,568.098,2905,339.5397,0.130710884727825,0.307114917010255,0.15601157888691,NA,NA,NA,"%_change_Population",NA,NA
"Bolivia",2000,2005,877,3435,131.0204,0.107016473459426,0.163641560668858,0.0511510732693749,"Delta Population","Delta_GDP",NA,NA,NA,NA
"Botswana",1970,1975,120.592,484.0558,576.2213,0.206493504269699,1.28055558700727,0.890234525331118,NA,NA,NA,NA,"% change_GDP","% change_Per_Capita_GDP"
"Botswana",1975,1980,195.885,726.9087,541.0975,0.278012350427411,0.843222548510294,0.442257250240787,NA,NA,NA,"%_change_Population",NA,NA
"Botswana",1985,1990,184.92,1600.96916,916.9597,0.171271066192951,0.621245634763145,0.384176245518934,NA,NA,"Delta_Per_Capita_GDP",NA,NA,NA
"Botswana",1990,1995,212.979,797,63.1867999999999,0.168414501839299,0.190761129727142,0.0191256070584116,"Delta Population",NA,NA,NA,NA,NA
"Botswana",1995,2000,202.089,1885,717.1444,0.136769241285308,0.378894472361809,0.212994193676214,NA,"Delta_GDP",NA,NA,NA,NA
"Brazil",1955,1960,9921.25999999999,48437,409.1118,0.160606926427249,0.407170477471419,0.212443568546048,NA,NA,NA,"%_change_Population",NA,NA
"Brazil",1970,1975,13194.7,163438,1130.6634,0.137898275892701,0.558800601750547,0.369894464289798,NA,NA,"Delta_Per_Capita_GDP",NA,"% change_GDP","% change_Per_Capita_GDP"
"Brazil",1975,1980,14141,183175,1007.651,0.129878121584511,0.401771809842998,0.240639838402144,NA,"Delta_GDP",NA,NA,NA,NA
"Brazil",1980,1985,14362,35997,-281.0708,0.116745244675662,0.0563251357783609,-0.0541037532906671,"Delta Population",NA,NA,NA,NA,NA
"Burkina.Faso",1870,1875,189.4411875,112.3262875,16.1377875,0.140837681203595,0.403400728824443,0.0746746072914435,NA,NA,NA,NA,"% change_GDP",NA
"Burkina.Faso",1950,1955,238.328,413.0582,65.0161,0.054460506717987,0.199000033242294,0.137074339354607,NA,NA,NA,NA,NA,"% change_Per_Capita_GDP"
"Burkina.Faso",2000,2005,2316.136,3729.8059,118.5164,0.19987797458523,0.358077611092136,0.131846474067663,"Delta Population","Delta_GDP","Delta_Per_Capita_GDP","%_change_Population",NA,NA
"Burma",1870,1875,811,837.58064516129,31.462016129032,0.191048292108363,0.391575804189476,0.0624386467062985,NA,NA,NA,"%_change_Population",NA,NA
"Burma",1980,1985,3284.19,6968,116.8801,0.0993359936336693,0.254483035681677,0.14112790659485,"Delta Population",NA,NA,NA,NA,NA
"Burma",2000,2005,2294.47,51101.69,1028.3252,0.051792490543712,0.830674477241004,0.740528286255886,NA,"Delta_GDP","Delta_Per_Capita_GDP",NA,"% change_GDP","% change_Per_Capita_GDP"
"Burundi",1965,1970,351.26,555.6015,115.3881,0.110784750018372,0.412507940533681,0.271630580094676,NA,NA,"Delta_Per_Capita_GDP",NA,"% change_GDP","% change_Per_Capita_GDP"
"Burundi",1980,1985,607.307,701.0959,68.2034,0.141248803655262,0.270252562538143,0.113037346041943,NA,"Delta_GDP",NA,NA,NA,NA
"Burundi",2000,2005,1174.3,376.0739,-26.4709,0.177356540262185,0.114519598964179,-0.053371224875347,"Delta Population",NA,NA,"%_change_Population",NA,NA
"Cambodia",1990,1995,1883.605,2705,93.0742,0.201572229250668,0.328476017000607,0.105614819131862,"Delta Population",NA,NA,"%_change_Population",NA,NA
"Cambodia",2000,2005,1131.245,12905,858.0646,0.0912619659588338,0.907269403824522,0.747764935044337,NA,"Delta_GDP","Delta_Per_Capita_GDP",NA,"% change_GDP","% change_Per_Capita_GDP"
"Cameroon",1980,1985,1428.886,6086.4452,430.1463,0.163068562962611,0.582914571709275,0.360981306940644,NA,"Delta_GDP","Delta_Per_Capita_GDP",NA,"% change_GDP","% change_Per_Capita_GDP"
"Cameroon",1985,1990,1693.123,-2134.8469,-410.6752,0.166132979936362,-0.129166667196076,-0.253229815464662,NA,NA,NA,"%_change_Population",NA,NA
"Cameroon",2000,2005,1918.431,3912,107.1988,0.125035944646157,0.2372634643377,0.0997546770531805,"Delta Population",NA,NA,NA,NA,NA
"Cape.Verde",1960,1965,34.951,33.309859,67.1999999999999,0.177625426898683,0.333553062719016,0.132408496763578,NA,NA,NA,"%_change_Population",NA,NA
"Cape.Verde",1965,1970,37.148,33.244029,44.2387,0.16031486412422,0.249629260248241,0.0769743125482082,"Delta Population",NA,NA,NA,NA,NA
"Cape.Verde",1975,1980,15.783,101.772811,315.8025,0.0563157650601763,0.692032232892626,0.60182421040736,NA,NA,NA,NA,"% change_GDP","% change_Per_Capita_GDP"
"Cape.Verde",1995,2000,23.313,214,456.338,0.0616354695431472,0.428857715430862,0.345902372239398,NA,"Delta_GDP","Delta_Per_Capita_GDP",NA,NA,NA
"Central.Africa.Republic",1870,1875,54.53660625,52.60290625,26.2517625,0.140837652038076,0.403400851312821,0.074674568744206,NA,NA,NA,NA,"% change_GDP",NA
"Central.Africa.Republic",1950,1955,88.5260000000001,192.465,92.0836,0.0702689916622745,0.198000072218871,0.11934465136407,NA,NA,"Delta_Per_Capita_GDP",NA,NA,"% change_Per_Capita_GDP"
"Central.Africa.Republic",1965,1970,211.705,228.4306,24.5166,0.130076680143038,0.162068966006544,0.0283098445664062,NA,"Delta_GDP",NA,NA,NA,NA
"Central.Africa.Republic",1980,1985,364.863,96.2325000000001,-63.5979,0.15535505572528,0.0556179971071071,-0.0863258348635409,NA,NA,NA,"%_change_Population",NA,NA
"Central.Africa.Republic",1990,1995,459.273,93,-57.0024999999999,0.148862221259929,0.0469223007063572,-0.088731265487402,"Delta Population",NA,NA,NA,NA,NA
"Chad",2000,2005,1457.983,3555,308.5331,0.183563220199744,0.996915311273135,0.687206479049356,"Delta Population","Delta_GDP","Delta_Per_Capita_GDP","%_change_Population","% change_GDP","% change_Per_Capita_GDP"
"Chile",1955,1960,842.08,5584.425,294.888,0.124877118204835,0.208318738329126,0.0741784011577232,NA,NA,NA,"%_change_Population",NA,NA
"Chile",1990,1995,1078,43444.47,2572.271,0.0821083098484272,0.516962219875823,0.401858069684721,"Delta Population","Delta_GDP","Delta_Per_Capita_GDP",NA,"% change_GDP","% change_Per_Capita_GDP"
"China",1965,1970,103130,135168,76.7586,0.144200451631396,0.269382923217656,0.109406118901078,"Delta Population",NA,NA,"%_change_Population",NA,NA
"China",2000,2005,41075,2949386,2154.5071,0.0325309172411881,0.682832720469498,0.629813412435338,NA,"Delta_GDP","Delta_Per_Capita_GDP",NA,"% change_GDP","% change_Per_Capita_GDP"
"Colombia",1955,1960,2364.32,7589,124.0563,0.17399533867465,0.235376217356243,0.0522835828783564,NA,NA,NA,"%_change_Population",NA,NA
"Colombia",1965,1970,2783.49,16172,405.4076,0.149279449881665,0.322562629647359,0.150775912366844,NA,NA,NA,NA,"% change_GDP",NA
"Colombia",1975,1980,2506,26028,636.6556,0.103875647668394,0.297983903282311,0.175842518963012,NA,NA,"Delta_Per_Capita_GDP",NA,NA,"% change_Per_Capita_GDP"
"Colombia",1990,1995,3445,37525,574.153,0.104530145340899,0.235943964487368,0.118977129032949,"Delta Population",NA,NA,NA,NA,NA
"Colombia",2000,2005,3283,39894,538.7398,0.0824522189014743,0.197270434653612,0.106072306080599,NA,"Delta_GDP",NA,NA,NA,NA
"Comoro.Islands",1960,1965,23.38,58.06998,200.801,0.127830113887993,0.445859904888306,0.281983638289817,NA,"Delta_GDP","Delta_Per_Capita_GDP",NA,"% change_GDP","% change_Per_Capita_GDP"
"Comoro.Islands",1975,1980,60.829,-4.64559,-160.5806,0.223074243174359,-0.0211880068398697,-0.199711713773316,NA,NA,NA,"%_change_Population",NA,NA
"Comoro.Islands",2000,2005,93.0120000000001,56,2.96169999999995,0.160746319729843,0.166666666666667,0.00510034683116168,"Delta Population",NA,NA,NA,NA,NA
"Congo",1970,1975,181.242,1026.7213,494.8094,0.142440160703171,0.475688036478636,0.291698367923221,NA,NA,"Delta_Per_Capita_GDP",NA,"% change_GDP","% change_Per_Capita_GDP"
"Congo",1980,1985,267.477,1520.7753,463.0625,0.159755669275537,0.390839682375406,0.199252315167216,NA,"Delta_GDP",NA,NA,NA,NA
"Congo",1995,2000,453.942,707.1036,-76.4901999999997,0.171298932565635,0.128240276694354,-0.0367614731157018,NA,NA,NA,"%_change_Population",NA,NA
"Congo",2000,2005,500.061,1419,115.6394,0.161105188532901,0.228098376466806,0.0576977788235679,"Delta Population",NA,NA,NA,NA,NA
"Costa.Rica",1870,1875,26.666666666667,58.974555,116.9181,0.194647201946474,0.639259732186361,0.257172834523133,NA,NA,NA,NA,"% change_GDP","% change_Per_Capita_GDP"
"Costa.Rica",1945,1950,166.982,572,348.8462,0.238545714285714,0.506194690265487,0.216099417841588,NA,NA,NA,"%_change_Population",NA,NA
"Costa.Rica",1985,1990,383.367,2895,406.669800000001,0.145005613115627,0.252287581699346,0.0936955880984451,"Delta Population",NA,NA,NA,NA,NA
"Costa.Rica",1995,2000,326.772,5169,931.3817,0.0965699367513194,0.291391848469474,0.17766482637338,NA,"Delta_GDP","Delta_Per_Capita_GDP",NA,NA,NA
"Cote.d.Ivoire",1960,1965,780.293,2393.677,324.444,0.218198042156251,0.532803084887608,0.258254444673424,NA,NA,"Delta_Per_Capita_GDP",NA,"% change_GDP","% change_Per_Capita_GDP"
"Cote.d.Ivoire",1965,1970,1222.644,3200.501,227.2479,0.280656601711976,0.464764325860319,0.143760463059103,NA,NA,NA,"%_change_Population",NA,NA
"Cote.d.Ivoire",1975,1980,1562.357,5138.665,277.3345,0.222212787685227,0.414405727316964,0.157249965951368,NA,"Delta_GDP",NA,NA,NA,NA
"Cote.d.Ivoire",1990,1995,2354.918,1437.933,-110.5215,0.188531037492403,0.0880546846295163,-0.084538298802268,"Delta Population",NA,NA,NA,NA,NA
"Cuba",1870,1875,54.5,465.2875,98.713923728814,0.040946656649136,0.725190244814782,0.208313652324414,NA,NA,NA,NA,"% change_GDP",NA
"Cuba",1940,1945,366,3243,567.8934,0.0801576872536137,0.587926033357505,0.470087237417756,NA,NA,NA,NA,NA,"% change_Per_Capita_GDP"
"Cuba",1945,1950,852.797,3078,270.2726,0.17291098945661,0.351409978308026,0.152184545424344,"Delta Population",NA,NA,"%_change_Population",NA,NA
"Cuba",2000,2005,220,7442,610.0313,0.0198091121916081,0.276695419393218,0.251896476685906,NA,"Delta_GDP","Delta_Per_Capita_GDP",NA,NA,NA
"Denmark",1895,1900,164,1085.31,246.385417343722,0.0684188569044639,0.163444639718805,0.0889405706388033,NA,NA,NA,"%_change_Population",NA,NA
"Denmark",1945,1950,226,9161.48,1876.96868899662,0.0558714462299135,0.447064587468989,0.370493152964659,"Delta Population",NA,NA,NA,"% change_GDP","% change_Per_Capita_GDP"
"Denmark",1995,2000,104.804,16144.2211139493,2625.13868445182,0.0200290027236875,0.15161202281547,0.128999292902877,NA,"Delta_GDP","Delta_Per_Capita_GDP",NA,NA,NA
"Djibouti",1965,1970,47.194,132.52251,314.6371,0.425784915193071,0.68148151233578,0.179337398519028,NA,"Delta_GDP","Delta_Per_Capita_GDP","%_change_Population","% change_GDP","% change_Per_Capita_GDP"
"Djibouti",1975,1980,71.19,34.21098,-404.1857,0.34232709332128,0.0796478886568848,-0.195689450866387,"Delta Population",NA,NA,NA,NA,NA
"Dominican.Rep.",1870,1875,45.5,142.8152625,49.3125625,0.18801652892562,1.09056080372156,0.20738123825104,NA,NA,NA,NA,"% change_GDP",NA
"Dominican.Rep.",1945,1950,463.968,142.8152625,49.3125625,0.24561566966649,0.0628260695859963,0.0504489019449146,NA,NA,NA,"%_change_Population",NA,NA
"Dominican.Rep.",1970,1975,625.744,3753,549.851,0.14148285401294,0.543440486533449,0.352136768557833,NA,NA,NA,NA,NA,"% change_Per_Capita_GDP"
"Dominican.Rep.",1985,1990,704,2883,179.233,0.110362125725035,0.197195622435021,0.0782029717766303,"Delta Population",NA,NA,NA,NA,NA
"Dominican.Rep.",1995,2000,666,9730,943.536,0.0860020661157025,0.46621945376138,0.350107421548874,NA,"Delta_GDP","Delta_Per_Capita_GDP",NA,NA,NA
"Ecuador",1870,1875,64.5,202.660152173913,62.98234057971,0.0636722606120434,0.595551475885453,0.145987070679895,NA,NA,NA,NA,"% change_GDP",NA
"Ecuador",1945,1950,588.955,2264,419.5672,0.211778137360662,0.564025909317389,0.290686691529389,NA,NA,NA,"%_change_Population",NA,"% change_Per_Capita_GDP"
"Ecuador",1975,1980,1048.801,8934,669.878299999999,0.152626177692908,0.375820292781424,0.193639632457239,NA,NA,"Delta_Per_Capita_GDP",NA,NA,NA
"Ecuador",1985,1990,1256.372,3697,-133.0988,0.13864694166546,0.101093792726278,-0.0329804925689647,"Delta Population",NA,NA,NA,NA,NA
"Ecuador",2000,2005,1216,10401,474.8318,0.0977020729551663,0.259642028008687,0.147526311317148,NA,"Delta_GDP",NA,NA,NA,NA
"Egypt",1975,1980,5681.71,35721.07,648.5069,0.153757120627833,0.680382153036448,0.456443313299779,NA,NA,"Delta_Per_Capita_GDP",NA,"% change_GDP","% change_Per_Capita_GDP"
"Egypt",1980,1985,7418.17,35451.04,401.5934,0.17399571846177,0.401836491917316,0.194073048923691,"Delta Population",NA,NA,"%_change_Population",NA,NA
"Egypt",1995,2000,7190.87,48948.17,439.6127,0.113561378263034,0.309671480999284,0.176110697197942,NA,"Delta_GDP",NA,NA,NA,NA
"El.Salvador",1870,1875,45.666666666667,93.44601,58.76944,0.0928184281842825,0.596946912576283,0.170452822374111,NA,NA,NA,NA,"% change_GDP",NA
"El.Salvador",1945,1950,199.8,990,398.0087,0.114827586206897,0.521601685985248,0.364876257397521,NA,NA,NA,NA,NA,"% change_Per_Capita_GDP"
"El.Salvador",1965,1970,586.055,1541,85.9614000000001,0.194196070582653,0.243059936908517,0.0409177887617859,"Delta Population",NA,NA,"%_change_Population",NA,NA
"El.Salvador",1990,1995,469.116,3470,444.6212,0.091985621633747,0.321147616844054,0.209858083040179,NA,"Delta_GDP","Delta_Per_Capita_GDP",NA,NA,NA
"Equatorial.Guinea",1980,1985,69.185,77,-77.3458000000001,0.27024440547012,0.203703703703704,-0.0523841820031634,NA,NA,NA,"%_change_Population",NA,NA
"Equatorial.Guinea",1995,2000,65.252,2921,5677.8499,0.153090694951798,3.42840375586854,2.84046433964887,NA,NA,NA,NA,"% change_GDP","% change_Per_Capita_GDP"
"Equatorial.Guinea",2000,2005,75.749,6157,9829.2985,0.154123336921114,1.63185793798039,1.28039574216539,"Delta Population","Delta_GDP","Delta_Per_Capita_GDP",NA,NA,NA
"Eritrea.and.Ethiopia",1870,1875,934.0573125,455.473875,13.27170625,0.140837678326276,0.403400873273491,0.07467455056145,NA,NA,NA,NA,"% change_GDP",NA
"Eritrea.and.Ethiopia",1960,1965,2703.339,4242,107.1527,0.104848163758267,0.373887229371354,0.243507722738617,NA,NA,"Delta_Per_Capita_GDP",NA,NA,"% change_Per_Capita_GDP"
"Eritrea.and.Ethiopia",2000,2005,11687.58,14074.87,86.6078,0.170965346018692,0.336927902508083,0.14173141239652,"Delta Population","Delta_GDP",NA,"%_change_Population",NA,NA
"Finland",1870,1875,145,301.04,71.5041043626754,0.0826681870011402,0.150595297648824,0.0627404697609468,NA,NA,NA,"%_change_Population",NA,NA
"Finland",1920,1925,171,1910.311,482.665071653854,0.0545802744972869,0.330386740331492,0.261531978649686,NA,NA,NA,NA,"% change_GDP","% change_Per_Capita_GDP"
"Finland",1945,1950,250.9,4087.719,803.77047173684,0.0667642362959021,0.31533058644644,0.233009639518502,"Delta Population",NA,NA,NA,NA,NA
"Finland",1995,2000,63.9409999999998,21773.0285547732,4017.68499219512,0.0125260203727813,0.270768495827813,0.255047742239706,NA,"Delta_GDP","Delta_Per_Capita_GDP",NA,NA,NA
"France",1945,1950,2818,118338.277,2612.70906124809,0.0709823677581864,1.15843332503897,1.01537708744643,NA,NA,"Delta_Per_Capita_GDP","%_change_Population","% change_GDP","% change_Per_Capita_GDP"
"France",1960,1965,3218,111847,1767.83218250437,0.069079512278894,0.324562039877078,0.23897429953885,"Delta Population",NA,NA,NA,NA,NA
"France",1995,2000,1425,152849.135306682,2072.41800357015,0.0238645498392283,0.139502656070726,0.112942777684465,NA,"Delta_GDP",NA,NA,NA,NA
"Gabon",1970,1975,132.857,3069.3567,3536.368,0.258185817921058,1.01626016017895,0.602513904849852,NA,"Delta_GDP","Delta_Per_Capita_GDP","%_change_Population","% change_GDP","% change_Per_Capita_GDP"
"Gabon",1995,2000,167.364,-395,-971.288,0.156551753167488,-0.0767288267288267,-0.20170356789009,"Delta Population",NA,NA,NA,NA,NA
"Gambia",1970,1975,85.44,172.40166,170.7114,0.176317635890875,0.404798753795363,0.194234211929394,NA,NA,"Delta_Per_Capita_GDP",NA,"% change_GDP","% change_Per_Capita_GDP"
"Gambia",1990,1995,200.532,112,-55.6389,0.21125198181732,0.134453781512605,-0.0634039645126784,NA,NA,NA,"%_change_Population",NA,NA
"Gambia",2000,2005,227.202,283,49.9639000000001,0.166097417617283,0.231209150326797,0.0558372718670623,"Delta Population","Delta_GDP",NA,NA,NA,NA
"Germany",1895,1900,4025,27055.848,298.675453752277,0.0799197823799218,0.2,0.11119364565713,NA,NA,NA,"%_change_Population",NA,NA
"Germany",1900,1905,4256,19698.556,119.286209713856,0.0782525557108186,0.121345029239766,0.0399651021467225,"Delta Population",NA,NA,NA,NA,NA
"Germany",1950,1955,1821.03999999999,141568,1916.08485737556,0.0266332928562974,0.533506184191684,0.493723411136575,NA,NA,NA,NA,"% change_GDP","% change_Per_Capita_GDP"
"Germany",1975,1980,-384.421000000002,157716,2073.42283916489,-0.00488573513810125,0.16647543812798,0.172202509115737,NA,"Delta_GDP","Delta_Per_Capita_GDP",NA,NA,NA
"Ghana",1955,1960,909.677000000001,2335.462,178.8088,0.150394487589372,0.321867426500229,0.149055627356597,NA,NA,NA,NA,"% change_GDP","% change_Per_Capita_GDP"
"Ghana",1980,1985,2211.784,196.107,-178.6361,0.200767547930444,0.0153845803838775,-0.154387090869382,NA,NA,NA,"%_change_Population",NA,NA
"Ghana",1990,1995,2298.693,3834,78.6116,0.149132141327901,0.234180307842658,0.0740107164131075,"Delta Population",NA,NA,NA,NA,NA
"Ghana",2000,2005,2289.644,7016,187.0525,0.116013367628636,0.281055962824981,0.14788586131235,NA,"Delta_GDP","Delta_Per_Capita_GDP",NA,NA,NA
"Guatemala",1935,1940,220,2643,1030.1515,0.111111111111111,0.779646017699115,0.601681411339337,NA,NA,"Delta_Per_Capita_GDP",NA,"% change_GDP","% change_Per_Capita_GDP"
"Guatemala",1945,1950,528.976,1964,352.9267,0.216793442622951,0.464742072882158,0.203772161505137,NA,NA,NA,"%_change_Population",NA,NA
"Guatemala",1985,1990,1385,3883,-79.7289000000001,0.182693576045377,0.154289347160965,-0.0240165612635446,"Delta Population",NA,NA,NA,NA,NA
"Guatemala",1995,2000,1057,7610,344.9293,0.105404866374152,0.211841995379005,0.0962879231646886,NA,"Delta_GDP",NA,NA,NA,NA
"Guinea",1870,1875,111.9249875,42.4396625,10.32004375,0.140837664267634,0.403400822396718,0.0746745394185106,NA,NA,NA,NA,"% change_GDP",NA
"Guinea",1950,1955,201.37,188.2174,45.6201,0.0778840839463332,0.239999959196128,0.150402049314093,NA,NA,NA,NA,NA,"% change_Per_Capita_GDP"
"Guinea",1990,1995,1327.243,695,-2.91700000000003,0.216924640415582,0.210351089588378,-0.00540179283226355,"Delta Population",NA,NA,"%_change_Population",NA,NA
"Guinea",1995,2000,904.718000000001,940,54.3789,0.121508871905175,0.235058764691173,0.101247484355011,NA,"Delta_GDP","Delta_Per_Capita_GDP",NA,NA,NA
"Guinea.Bissau",1870,1875,24.81639375,8.9703275,9.8379875,0.140837633232069,0.403400832675264,0.0746745225052355,NA,NA,NA,NA,"% change_GDP",NA
"Guinea.Bissau",1960,1965,-12.902,104.92735,184.4848,-0.0209216419483624,0.3397745657176,0.368403731867851,NA,NA,NA,NA,NA,"% change_Per_Capita_GDP"
"Guinea.Bissau",1965,1970,16.24,126.64217,186.3064,0.026897214217099,0.306089742505208,0.271879808444417,NA,NA,"Delta_Per_Capita_GDP",NA,NA,NA
"Guinea.Bissau",1975,1980,107.979,-34.81003,-170.7418,0.1585783331057,-0.0552631720157063,-0.18457238065701,NA,NA,NA,"%_change_Population",NA,NA
"Guinea.Bissau",1980,1985,96.165,157.14238,95.5894999999999,0.121897887939886,0.26406685465195,0.126721886889353,NA,"Delta_GDP",NA,NA,NA,NA
"Guinea.Bissau",1990,1995,147.339,134.0691,14.5284,0.147932356682654,0.168852770780856,0.0182243398625385,"Delta Population",NA,NA,NA,NA,NA
"Haiti",1870,1875,68.3333333333301,192.174773333333,53.428966666667,0.0594202898550696,1.08955956814062,0.219595853066724,NA,NA,NA,NA,"% change_GDP",NA
"Haiti",1965,1970,447,361,-12.1822000000001,0.109184171958964,0.0946761080514031,-0.0130799698935862,NA,NA,NA,"%_change_Population",NA,NA
"Haiti",1975,1980,373,1596,232.6958,0.0772736689455148,0.31951951951952,0.224869400414107,NA,"Delta_GDP","Delta_Per_Capita_GDP",NA,NA,"% change_Per_Capita_GDP"
"Haiti",2000,2005,756,-172,-89.0630000000001,0.098965833224244,-0.0295685061028021,-0.116959302396587,"Delta Population",NA,NA,NA,NA,NA
"Honduras",1870,1875,16,81.50973,96.94597,0.0396039603960396,0.799878020896404,0.318742474964771,NA,NA,NA,NA,"% change_GDP","% change_Per_Capita_GDP"
"Honduras",1975,1980,544.4,2065,329.8555,0.190513518620912,0.417256011315417,0.190457722006574,NA,NA,"Delta_Per_Capita_GDP",NA,NA,NA
"Honduras",1980,1985,674.574,626,-187.6145,0.198290975149474,0.0892500712859994,-0.0909970429216756,NA,NA,NA,"%_change_Population",NA,NA
"Honduras",2000,2005,820.244,2925,189.3225,0.12921994222121,0.241058183616285,0.09904025547152,"Delta Population","Delta_GDP",NA,NA,NA,NA
"Hong.Kong",1935,1940,820,586.35135135135,126.87682432432,0.848861283643892,0.183066265009408,0.069047904412276,"Delta Population",NA,NA,"%_change_Population",NA,NA
"Hong.Kong",1960,1965,522.6,7723,1691.3588,0.169934640522876,0.801390474213967,0.539735990743146,NA,NA,NA,NA,"% change_GDP","% change_Per_Capita_GDP"
"Hong.Kong",1985,1990,231.759,30131,4777.2839,0.0424762655327884,0.432674219905513,0.374299119148736,NA,NA,"Delta_Per_Capita_GDP",NA,NA,NA
"Hong.Kong",2000,2005,239.965999999999,35531.8,4339.0575,0.0360378571256937,0.228739799610138,0.185999049835652,NA,"Delta_GDP",NA,NA,NA,NA
"India",1970,1975,66000,75099,29.3434999999999,0.121996303142329,0.159926658489216,0.0338061637852672,NA,NA,NA,"%_change_Population",NA,NA
"India",2000,2005,89439,750161,531.2607,0.0890716684393561,0.394920101119964,0.280834074940616,"Delta Population","Delta_GDP","Delta_Per_Capita_GDP",NA,"% change_GDP","% change_Per_Capita_GDP"
"Indonesia",1975,1980,16271.2,79431,373.4526,0.124000571564658,0.404488374224694,0.249544148258863,NA,NA,NA,"%_change_Population",NA,NA
"Indonesia",1980,1985,16570.86,47646,101.5393,0.112352468761431,0.17275248817099,0.0542993290131004,"Delta Population",NA,NA,NA,NA,NA
"Indonesia",1990,1995,15431.68,205200,854.3946,0.0860550220409036,0.455088811069392,0.339792885700571,NA,"Delta_GDP","Delta_Per_Capita_GDP",NA,"% change_GDP","% change_Per_Capita_GDP"
"Iran",1965,1970,3905.27,52177,1435.6738,0.156530686110135,0.759623223852784,0.52146649063537,NA,NA,NA,NA,"% change_GDP","% change_Per_Capita_GDP"
"Iran",1970,1975,4411.2,74819,1693.6915,0.15287906292953,0.619029495718363,0.404336127453155,NA,NA,"Delta_Per_Capita_GDP",NA,NA,NA
"Iran",1980,1985,8787.50999999999,50602,325.3466,0.222910138968935,0.323040289064944,0.0818787755135836,"Delta Population",NA,NA,"%_change_Population",NA,NA
"Iran",2000,2005,1463.98,85197,1206.638,0.0231374237928351,0.278319699979093,0.249411696519303,NA,"Delta_GDP",NA,NA,NA,NA
"Iraq",1950,1955,739.809999999999,6526.918,934.7571,0.143278428753837,0.927000130523031,0.685503653070538,NA,NA,NA,NA,"% change_GDP","% change_Per_Capita_GDP"
"Iraq",1975,1980,2115.035,36415.553,2062.1827,0.190238557902262,0.759025560628734,0.477876465278816,NA,"Delta_GDP","Delta_Per_Capita_GDP","%_change_Population",NA,NA
"Iraq",2000,2005,3399.289,-2613,-259.4177,0.1499094379659,-0.0943593817709086,-0.2124243903881,"Delta Population",NA,NA,NA,NA,NA
"Israel",1950,1955,485.901,2934.9709,883.754,0.377800550643752,0.809999991996514,0.31368794907754,NA,NA,NA,"%_change_Population","% change_GDP",NA
"Israel",1960,1965,436.689,6185.1794,1609.204,0.203917823763306,0.619375905698332,0.345088220087335,NA,NA,NA,NA,NA,"% change_Per_Capita_GDP"
"Israel",1970,1975,450.808,10518.7907,2047.248,0.155267176729349,0.447234630205495,0.252727228510696,NA,NA,"Delta_Per_Capita_GDP",NA,NA,NA
"Israel",1990,1995,875.093,20704,1731.633,0.195428879487463,0.353847994394216,0.132520719360429,"Delta Population","Delta_GDP",NA,NA,NA,NA
"Italy",1920,1925,1767,17639.2255628373,333.654679825263,0.0472485159634205,0.182303774045688,0.128961995193684,NA,NA,NA,"%_change_Population",NA,NA
"Italy",1935,1940,1912,21864.5773507629,357.365303200009,0.0450635178769238,0.163707145237931,0.113527671123795,"Delta Population",NA,NA,NA,NA,NA
"Italy",1945,1950,1663,77614.6200438793,1579.83716223378,0.0365961005237446,0.888624973155891,0.821948753426388,NA,NA,NA,NA,"% change_GDP","% change_Per_Capita_GDP"
"Italy",1975,1980,879.353000000003,145353,2407.51289967366,0.015823700376309,0.243494386426913,0.224124211677936,NA,"Delta_GDP","Delta_Per_Capita_GDP",NA,NA,NA
"Jamaica",1925,1930,99,124.4,72.8721400000001,0.108791208791209,0.154044281539452,0.0930657947698627,NA,NA,NA,"%_change_Population",NA,NA
"Jamaica",1940,1945,54,732,511.3907,0.0445544554455446,0.62350936967632,0.526398478542799,NA,NA,NA,NA,NA,"% change_Per_Capita_GDP"
"Jamaica",1950,1955,104.255,1171,693.6274,0.0752988335560291,0.63745236799129,0.52278813242448,NA,NA,NA,NA,"% change_GDP",NA
"Jamaica",1965,1970,166.39,2025,779.0152,0.0936144260398775,0.371151026392962,0.253779191978258,"Delta Population","Delta_GDP","Delta_Per_Capita_GDP",NA,NA,NA
"Japan",1945,1950,7581,58358.9,574.5949,0.0994568639798489,0.568760836238428,0.426850818846203,"Delta Population",NA,NA,"%_change_Population",NA,NA
"Japan",1965,1970,5462.44,426858,3780.2038,0.0552417095315017,0.727502965518182,0.637068519732791,NA,NA,"Delta_Per_Capita_GDP",NA,"% change_GDP","% change_Per_Capita_GDP"
"Japan",1985,1990,2783.06,469838,3457.8205,0.0230472875757509,0.253786092588241,0.225540664953443,NA,"Delta_GDP",NA,NA,NA,NA
"Jordan",1965,1970,441.496,221.2274,-787.9397,0.415931596296809,0.0654696070874797,-0.247513368315387,NA,NA,NA,"%_change_Population",NA,NA
"Jordan",1975,1980,359.847,5032.2237,1896.9574,0.199586790610995,1.0805772680184,0.734411656075467,NA,NA,"Delta_Per_Capita_GDP",NA,"% change_GDP","% change_Per_Capita_GDP"
"Jordan",1990,1995,939.46,5124,371.5794,0.287996458672971,0.414194487106944,0.0979801211677326,"Delta Population",NA,NA,NA,NA,NA
"Jordan",2000,2005,761.168,7415,747.0675,0.152277334050339,0.362822332044821,0.182720788092827,NA,"Delta_GDP",NA,NA,NA,NA
"Kenya",1965,1970,1698.003,3197.9058,172.1941,0.177816647902401,0.450870292004637,0.231830315935501,NA,NA,"Delta_Per_Capita_GDP",NA,"% change_GDP","% change_Per_Capita_GDP"
"Kenya",1975,1980,2897.129,4508.1313,108.966,0.215665876150322,0.356310989607087,0.115693790603009,NA,NA,NA,"%_change_Population",NA,NA
"Kenya",1985,1990,3592.99,6216.6015,111.4441,0.181817786190999,0.312762973634283,0.110799810183762,NA,"Delta_GDP",NA,NA,NA,NA
"Kenya",2000,2005,4403.8,5066,17.3221,0.144349122568886,0.163916391639164,0.0170990176660202,"Delta Population",NA,NA,NA,NA,NA
"Kuwait",1960,1965,183.894,2784.4152,-5280.597,0.629280461555835,0.330685205839372,-0.18326819371507,NA,NA,NA,"%_change_Population",NA,NA
"Kuwait",1965,1970,271.379,11739.6964,7161.67,0.569976665693529,1.04776118880809,0.304325897487249,NA,"Delta_GDP","Delta_Per_Capita_GDP",NA,"% change_GDP",NA
"Kuwait",1985,1990,409.187,-1036.8393,-2043.73,0.236138811558473,-0.0732860529452013,-0.250315569113249,"Delta Population",NA,NA,NA,NA,NA
"Kuwait",1990,1995,-521.203,7075,6333.398,-0.243324147261615,0.539623217145908,1.03471949476579,NA,NA,NA,NA,NA,"% change_Per_Capita_GDP"
"Laos",1870,1875,73.488372093023,64.2774,18.53789375,0.0973355921761895,0.503893021097258,0.0586018542607978,NA,NA,NA,NA,"% change_GDP",NA
"Laos",1985,1990,553.283,553,10.6464,0.151287238845129,0.164632331050908,0.0115914510000326,NA,NA,NA,"%_change_Population",NA,NA
"Laos",2000,2005,719.407999999999,2308,232.0024,0.130855390758336,0.348904006046863,0.192817425727828,"Delta Population","Delta_GDP","Delta_Per_Capita_GDP",NA,NA,"% change_Per_Capita_GDP"
"Lebanon",1970,1975,715.967,3773.363,543.7741,0.300444098666026,0.542898057207577,0.186439325115098,"Delta Population",NA,NA,"%_change_Population",NA,NA
"Lebanon",1990,1995,187.44,4742,1312.2245,0.0595109208127571,0.777504508935891,0.677665083016038,NA,"Delta_GDP","Delta_Per_Capita_GDP",NA,"% change_GDP","% change_Per_Capita_GDP"
"Lesotho",1870,1875,31.43594375,13.96512125,12.0908,0.140837688037422,0.403400763118427,0.0746745787248971,NA,NA,NA,"%_change_Population",NA,NA
"Lesotho",1975,1980,149.232,496.76631,290.0792,0.124829462804698,0.581219802425218,0.405741776705731,NA,NA,"Delta_Per_Capita_GDP",NA,"% change_GDP","% change_Per_Capita_GDP"
"Lesotho",1985,1990,199.48,582.70043,228.0831,0.131083336618959,0.401779357901899,0.239324557379402,"Delta Population","Delta_GDP",NA,NA,NA,NA
"Liberia",1965,1970,187.816,611,273.7287,0.155380480149311,0.41508152173913,0.224775330353066,NA,"Delta_GDP","Delta_Per_Capita_GDP",NA,"% change_GDP","% change_Per_Capita_GDP"
"Liberia",1995,2000,719.623,175,-271.9549,0.364319590614261,0.0702247191011236,-0.21556157713248,"Delta Population",NA,NA,"%_change_Population",NA,NA
"Libya",1960,1965,285.823,6285,3548.5558,0.213628043562264,2.56740196078431,1.93945243316974,NA,NA,NA,NA,"% change_GDP","% change_Per_Capita_GDP"
"Libya",1965,1970,375.392,9489,3736.5944,0.231185451141479,1.08656818962556,0.694763534145385,NA,"Delta_GDP","Delta_Per_Capita_GDP",NA,NA,NA
"Libya",1970,1975,570.444,-4050,-3599.5767,0.285341558112849,-0.222258808034244,-0.394914771265181,NA,NA,NA,"%_change_Population",NA,NA
"Libya",2000,2005,650.113,3750,389.6052,0.127088134963688,0.316937119675456,0.168442014307869,"Delta Population",NA,NA,NA,NA,NA
"Madagascar",1870,1875,200.0156875,237.78895,32.35671875,0.140837670206579,0.403400785938607,0.0746745781820113,NA,NA,NA,NA,"% change_GDP",NA
"Madagascar",1965,1970,695.64,1691.7223,138.176,0.114602889882774,0.256154353910982,0.126997233608055,NA,NA,"Delta_Per_Capita_GDP",NA,NA,"% change_Per_Capita_GDP"
"Madagascar",1990,1995,1899.493,-141,-121.5509,0.163286732042348,-0.0153094462540717,-0.153527209417647,NA,NA,NA,"%_change_Population",NA,NA
"Madagascar",1995,2000,2209.581,1877,25.1686,0.163281263336087,0.206968794795457,0.0375554727574875,NA,"Delta_GDP",NA,NA,NA,NA
"Madagascar",2000,2005,2570.221,1304,-26.3856,0.163272168071767,0.119130275899872,-0.0379463338721105,"Delta Population",NA,NA,NA,NA,NA
"Malawi",1970,1975,809.247,1099.8457,138.7442,0.179511062625137,0.545248867656674,0.310075679507577,NA,NA,"Delta_Per_Capita_GDP",NA,"% change_GDP","% change_Per_Capita_GDP"
"Malawi",1985,1990,2205.742,700.0678,-66.8721,0.300898928150682,0.157462545200307,-0.110259536235287,"Delta Population",NA,NA,"%_change_Population",NA,NA
"Malawi",1995,2000,1335.985,1434,56.7452,0.130677172603301,0.240846489754787,0.0974366080469355,NA,"Delta_GDP",NA,NA,NA,NA
"Malaysia",1870,1875,196.25,225.121951219512,16.86693902439,0.2453125,0.424758398527381,0.0254595306028529,NA,NA,NA,"%_change_Population",NA,NA
"Malaysia",1990,1995,2111.22,51403.47,2068.0282,0.12059091501831,0.572275141110851,0.403076798395293,NA,"Delta_GDP","Delta_Per_Capita_GDP",NA,"% change_GDP","% change_Per_Capita_GDP"
"Malaysia",1995,2000,2185.4,36728.63,962.9802,0.111394805792836,0.260069022471496,0.133772627782262,"Delta Population",NA,NA,NA,NA,NA
"Mali",1870,1875,159.636125,91.17401875,15.5445,0.140837675433798,0.403400764777325,0.0746745822508493,NA,NA,NA,"%_change_Population","% change_GDP",NA
"Mali",2000,2005,1330.825,3249,180.9906,0.132439361217989,0.361763723416101,0.20250474456336,"Delta Population","Delta_GDP","Delta_Per_Capita_GDP",NA,NA,"% change_Per_Capita_GDP"
"Mauritania",1960,1965,77.636,411.46472,303.7408,0.0694806403574088,0.589572183069505,0.486302894146225,NA,NA,"Delta_Per_Capita_GDP",NA,"% change_GDP","% change_Per_Capita_GDP"
"Mauritania",1990,1995,309.812,373,35.4748,0.160943138051448,0.204383561643836,0.0374181963473305,NA,NA,NA,"%_change_Population",NA,NA
"Mauritania",2000,2005,337.07,739,131.5527,0.134781257859774,0.272392185772208,0.121266421330358,"Delta Population","Delta_GDP",NA,NA,NA,NA
"Mauritius",1950,1955,90.399,280.3896,96.7649999999999,0.18783427182247,0.233999990986827,0.0388652074357397,NA,NA,NA,"%_change_Population",NA,NA
"Mauritius",1960,1965,92.299,653.0441,525.118,0.139166110046454,0.35458681642939,0.189103938780104,"Delta Population",NA,NA,NA,NA,NA
"Mauritius",1985,1990,41.054,2366.5362,2028.937,0.0402275649065596,0.447744283103405,0.391757392502315,NA,NA,NA,NA,"% change_GDP","% change_Per_Capita_GDP"
"Mauritius",2000,2005,56.8889999999999,3541,2364.262,0.0479698667377218,0.281859428480458,0.223183474623151,NA,"Delta_GDP","Delta_Per_Capita_GDP",NA,NA,NA
"Mexico",1945,1950,4761.18,16745,231.1886,0.200690440060698,0.330778499891354,0.108344396769622,NA,NA,NA,"%_change_Population",NA,NA
"Mexico",1975,1980,7669.44,118985,1162.0539,0.126395644948321,0.380146199017246,0.225276708193849,NA,NA,NA,NA,"% change_GDP","% change_Per_Capita_GDP"
"Mexico",1980,1985,8419.75,43522,-126.2794,0.123190350251392,0.100749335043277,-0.0199796718372356,"Delta Population",NA,NA,NA,NA,NA
"Mexico",1995,2000,7046.26999999999,169515,1273.2045,0.0758639475411106,0.304106964419943,0.212148642757528,NA,"Delta_GDP","Delta_Per_Capita_GDP",NA,NA,NA
"Mongolia",1870,1875,6.62790697674404,18.849514375,13.16894375,0.00992201643225156,0.503893024764641,0.0586018521361577,NA,NA,NA,NA,"% change_GDP",NA
"Mongolia",1980,1985,245.321,688,224.6517,0.147572155584162,0.391353811149033,0.212432598195079,NA,"Delta_GDP","Delta_Per_Capita_GDP",NA,NA,"% change_Per_Capita_GDP"
"Mongolia",1985,1990,309.838,508,49.9357,0.162414340612077,0.207686017988553,0.0389461909778691,"Delta Population",NA,NA,"%_change_Population",NA,NA
"Morocco",1950,1955,1438.293,2393,27.8029999999999,0.153937053213268,0.175981762023827,0.0191038459588113,NA,NA,NA,"%_change_Population",NA,NA
"Morocco",1975,1980,1799.896,11893,441.1828,0.101761618003711,0.367237918789563,0.240956185499585,NA,NA,NA,NA,"% change_GDP","% change_Per_Capita_GDP"
"Morocco",1985,1990,2848.908,12127,216.8592,0.130170926022191,0.233413530940237,0.091351343085797,"Delta Population",NA,NA,NA,NA,NA
"Morocco",2000,2005,2608.928,21733,451.7363,0.0864338967516789,0.271486034077849,0.170329865901555,NA,"Delta_GDP","Delta_Per_Capita_GDP",NA,NA,NA
"Mozambique",1990,1995,3098.18,2468,-62.2917,0.244594966610148,0.174973413683091,-0.0559391947041244,"Delta Population",NA,NA,"%_change_Population",NA,NA
"Mozambique",2000,2005,2029.446,12756,498.1863,0.111972127991603,0.525977238990599,0.37231606691889,NA,"Delta_GDP","Delta_Per_Capita_GDP",NA,"% change_GDP","% change_Per_Capita_GDP"
"Namibia",1960,1965,80.25,887.3448,1009.585,0.135848634996301,0.574206135224833,0.385929643246781,NA,NA,"Delta_Per_Capita_GDP",NA,"% change_GDP","% change_Per_Capita_GDP"
"Namibia",1985,1990,266.397,595.9031,-200.004,0.221228362725591,0.148120493940874,-0.0598641410490683,"Delta Population",NA,NA,"%_change_Population",NA,NA
"Namibia",2000,2005,134.914,1280,387.577,0.0712533048279271,0.184677535709133,0.10588005176301,NA,"Delta_GDP",NA,NA,NA,NA
"Nepal",1985,1990,2348.277,3463,92.0637,0.141718767416664,0.28511444096822,0.125596374631589,NA,NA,NA,NA,NA,"% change_Per_Capita_GDP"
"Nepal",1990,1995,2958.413,4490,93.6652,0.156378738082411,0.287654558267666,0.113523104111245,"Delta Population",NA,"Delta_Per_Capita_GDP","%_change_Population","% change_GDP",NA
"Nepal",1995,2000,2941.493,4582,75.732,0.134457992667896,0.22797154087268,0.0824301683183285,NA,"Delta_GDP",NA,NA,NA,NA
"Netherlands",1945,1950,851.527,35761.865,3309.86831317117,0.0919377024400777,1.43736619596317,1.23214766787203,"Delta Population",NA,NA,"%_change_Population","% change_GDP","% change_Per_Capita_GDP"
"Netherlands",1995,2000,448.798999999999,66398.1619730084,3651.71943131883,0.0290314659616299,0.232045514159418,0.197286530988702,NA,"Delta_GDP","Delta_Per_Capita_GDP",NA,NA,NA
"New.Zealand",1870,1875,115,595.279,588.223,0.395189003436426,0.659954545454545,0.189770413232952,NA,NA,NA,"%_change_Population","% change_GDP",NA
"New.Zealand",1935,1940,74,2560.983,1341.069,0.0473751600512164,0.330597014925373,0.270410997519243,NA,NA,NA,NA,NA,"% change_Per_Capita_GDP"
"New.Zealand",1970,1975,289.75,7293,1299.279,0.102455755732749,0.230470231323474,0.116117624505835,"Delta Population",NA,NA,NA,NA,NA
"New.Zealand",2000,2005,246,12034,1985.565,0.0647027880063125,0.194832108279636,0.1222212578621,NA,"Delta_GDP","Delta_Per_Capita_GDP",NA,NA,NA
"Nicaragua",1870,1875,23.5,71.28429,88.98729,0.0697329376854599,0.741331529341047,0.237813370547979,NA,NA,NA,NA,"% change_GDP",NA
"Nicaragua",1945,1950,177.916,465,192.9624,0.193386956521739,0.355233002291826,0.135619103416784,NA,NA,NA,"%_change_Population",NA,NA
"Nicaragua",1960,1965,257.693,1826,751.2597,0.17263572403795,0.616891891891892,0.378852654821402,NA,"Delta_GDP","Delta_Per_Capita_GDP",NA,NA,"% change_Per_Capita_GDP"
"Nicaragua",1990,1995,700,465,-123.424,0.189959294436906,0.0877855389843308,-0.0858632142174634,"Delta Population",NA,NA,NA,NA,NA
"Niger",1870,1875,141.602625,109.2245875,20.99355,0.140837735259804,0.403400757868145,0.0746745324293752,NA,NA,NA,NA,"% change_GDP",NA
"Niger",1960,1965,431.001,1083.8555,174.0271,0.110155410777775,0.364067785292025,0.228717924184981,NA,NA,"Delta_Per_Capita_GDP",NA,NA,NA
"Niger",1975,1980,674.431,1366.4249,151.3193,0.124455853603536,0.382702075000622,0.229663277352018,NA,"Delta_GDP",NA,NA,NA,"% change_Per_Capita_GDP"
"Niger",2000,2005,2237.446,1226,13.7216,0.204306324252874,0.239687194525904,0.029378515590208,"Delta Population",NA,NA,"%_change_Population",NA,NA
"Nigeria",1870,1875,1376.468625,1295.149125,25.6088625,0.140837666590508,0.403400861714533,0.0746745781690356,NA,NA,NA,NA,"% change_GDP",NA
"Nigeria",1970,1975,8835.863,22090.124,192.8428,0.158959462855485,0.363242815672144,0.176264522371577,NA,NA,"Delta_Per_Capita_GDP",NA,NA,"% change_Per_Capita_GDP"
"Nigeria",1975,1980,10399.773,14742.705,18.1669000000002,0.16143326373959,0.177829102872883,0.0141168339761981,NA,NA,NA,"%_change_Population",NA,NA
"Nigeria",2000,2005,14316.237,42083,185.1775,0.116223204869525,0.294249674866101,0.159490034968046,"Delta Population","Delta_GDP",NA,NA,NA,NA
"North.Korea",1955,1960,1552.482,2167,51.0798,0.175631520006896,0.232610562473164,0.0484667399490186,NA,NA,NA,"%_change_Population",NA,NA
"North.Korea",1965,1970,2043.151,11814,659.013,0.17214540940323,0.768640208197788,0.508891408499462,"Delta Population",NA,NA,NA,"% change_GDP","% change_Per_Capita_GDP"
"North.Korea",1970,1975,1889.406,17707,886.957,0.135812198792085,0.651375809299588,0.453916235753721,NA,"Delta_GDP","Delta_Per_Capita_GDP",NA,NA,NA
"Norway",1895,1900,147,513.1643691361,113.918022048762,0.0705712914066251,0.139756363027461,0.064624441339104,NA,NA,NA,"%_change_Population",NA,NA
"Norway",1945,1950,174.126,5426.27004599188,1449.64451049194,0.0563332254933679,0.441096894719019,0.36424459625034,"Delta Population",NA,NA,NA,"% change_GDP","% change_Per_Capita_GDP"
"Norway",1995,2000,133.299,18161.4088039929,3398.71546364352,0.0305794703999747,0.191967690352207,0.156599490468791,NA,"Delta_GDP","Delta_Per_Capita_GDP",NA,NA,NA
"Oman",1965,1970,99.8639999999999,2242.47964,2745.277,0.147146191385529,3.1371379610248,2.60646080710481,NA,NA,"Delta_Per_Capita_GDP",NA,"% change_GDP","% change_Per_Capita_GDP"
"Oman",1975,1980,261.572,886.82368,-195.2018,0.286407857350115,0.227560347422204,-0.0457456128674474,NA,NA,NA,"%_change_Population",NA,NA
"Oman",1980,1985,306.73,4912.99708,2473.0368,0.261078582329594,1.02698230701999,0.60734022486824,NA,"Delta_GDP",NA,NA,NA,NA
"Oman",2000,2005,468.831,4395,353.0439,0.184984497524891,0.243800965218838,0.0496347958907555,"Delta Population",NA,NA,NA,NA,NA
"Pakistan",1870,1875,1754.09875,1325.50814102564,19.44755625,0.154102845119546,0.473552544369382,0.0586018647980017,NA,NA,NA,NA,"% change_GDP",NA
"Pakistan",1965,1970,8211.02,18215,180.9179,0.142812915362639,0.411108854131401,0.234767966699207,NA,NA,NA,NA,NA,"% change_Per_Capita_GDP"
"Pakistan",1980,1985,13857.15,39725,238.6254,0.162606114684123,0.401639924373401,0.205601678895907,NA,NA,NA,"%_change_Population",NA,NA
"Pakistan",1995,2000,17671.25,37427.489,41.6764999999998,0.137269848460768,0.16400729668031,0.0235101729242843,"Delta Population",NA,NA,NA,NA,NA
"Pakistan",2000,2005,16085.48,72919.268,269.1492,0.109869812426373,0.274510573077368,0.148342472557526,NA,"Delta_GDP","Delta_Per_Capita_GDP",NA,NA,NA
"Panama",1870,1875,14.5,105.220794666667,111.254066666667,0.0823863636363636,1.13521387719615,0.250738929726852,NA,NA,NA,NA,"% change_GDP",NA
"Panama",1915,1920,104,105.22079466667,111.25406666667,0.27154046997389,0.101205445150654,0.0769928919069482,NA,NA,NA,"%_change_Population",NA,NA
"Panama",1960,1965,178.365,1347,694.2207,0.155423009558997,0.490889212827988,0.290340603453821,NA,NA,NA,NA,NA,"% change_Per_Capita_GDP"
"Panama",1975,1980,211,2623,886.6026,0.120640365923385,0.357454347233579,0.211320244021968,NA,NA,"Delta_Per_Capita_GDP",NA,NA,NA
"Panama",1990,1995,245,3257,819.8415,0.102381947346427,0.304734281437126,0.183559198830403,NA,"Delta_GDP",NA,NA,NA,NA
"Panama",1995,2000,262,2455,368.970700000001,0.0993176648976497,0.17604876299749,0.0697988311721062,"Delta Population",NA,NA,NA,NA,NA
"Paraguay",1870,1875,9.33333333333297,139.874789855072,110.666239130435,0.0243055555555546,1.10374108507339,0.301614632391942,NA,NA,NA,NA,"% change_GDP",NA
"Paraguay",1945,1950,228.669,230,-106.091,0.183375300721732,0.109108159392789,-0.0627587650701104,NA,NA,NA,"%_change_Population",NA,NA
"Paraguay",1975,1980,344,4221,1081.8946,0.120617110799439,0.667035398230089,0.487604841873995,NA,"Delta_GDP","Delta_Per_Capita_GDP",NA,NA,"% change_Per_Capita_GDP"
"Paraguay",2000,2005,759,2262,-3.6228000000001,0.135729613733906,0.134362934362934,-0.00120336783554694,"Delta Population",NA,NA,NA,NA,NA
"Peru",1900,1905,237,853,177.7226,0.0649671052631579,0.340927258193445,0.259125503586544,NA,NA,NA,NA,NA,"% change_Per_Capita_GDP"
"Peru",1960,1965,1536.3,11727,624.8718,0.154697412143792,0.397714169436343,0.210459263449599,NA,NA,"Delta_Per_Capita_GDP","%_change_Population","% change_GDP",NA
"Peru",1990,1995,2342,21091,586.6508,0.108425925925926,0.324581787962265,0.195011579679731,"Delta Population",NA,NA,NA,NA,NA
"Peru",2000,2005,1964,22515,535.3996,0.075286541189098,0.226115513241541,0.140268642159231,NA,"Delta_GDP",NA,NA,NA,NA
"Philippines",1915,1920,976,5294,413.9708,0.100112832085342,0.620487576183779,0.473019368767116,NA,NA,"Delta_Per_Capita_GDP",NA,"% change_GDP","% change_Per_Capita_GDP"
"Philippines",1960,1965,4738.63,12217,156.9668,0.166099055906038,0.290093555587216,0.106332721237639,NA,NA,NA,"%_change_Population",NA,NA
"Philippines",2000,2005,9213.70999999999,47149,279.1804,0.113438488647422,0.244211823935856,0.117450059290782,"Delta Population","Delta_GDP",NA,NA,NA,NA
"Portugal",1930,1935,432,1385,97.8982763669899,0.0636792452830189,0.129973723723724,0.0623256293988044,NA,NA,NA,"%_change_Population",NA,NA
"Portugal",1935,1940,459,355,-53.5389868334598,0.0636086474501109,0.0294826011128644,-0.0320851531426165,"Delta Population",NA,NA,NA,NA,NA
"Portugal",1960,1965,92.1499999999996,9735,1036.56208011301,0.0101973065388914,0.364456590917599,0.350683259681675,NA,NA,NA,NA,"% change_GDP",NA
"Portugal",1965,1970,-84.6499999999996,13052,1480.50203087969,-0.00927279996932797,0.358118860780333,0.370830295906164,NA,NA,NA,NA,NA,"% change_Per_Capita_GDP"
"Portugal",1985,1990,25.4970000000012,25221,2520.40773581915,0.00257618524526969,0.30680242318079,0.30344450866953,NA,NA,"Delta_Per_Capita_GDP",NA,NA,NA
"Portugal",1995,2000,270.054,25872.766733636,2199.8213014088,0.0268295510733996,0.221329162467703,0.189417621640302,NA,"Delta_GDP",NA,NA,NA,NA
"Puerto.Rico",1870,1875,52.333333333333,281.07888125,102.95935625,0.0811369509043923,1.09056091963968,0.207381331555192,NA,NA,NA,NA,"% change_GDP",NA
"Puerto.Rico",1940,1945,219,281.07888125,102.95935625,0.116489361702128,0.0670377909133052,0.0531292184940969,NA,NA,NA,"%_change_Population",NA,NA
"Puerto.Rico",1960,1965,238.774,4188,1298.2365,0.101261238337574,0.519216464170593,0.379524134784871,NA,NA,NA,NA,NA,"% change_Per_Capita_GDP"
"Puerto.Rico",1975,1980,274.524,5875,1236.303,0.0935306310738491,0.288159701785364,0.177982274142942,"Delta Population",NA,NA,NA,NA,NA
"Puerto.Rico",1985,1990,154.804,8958,2166.2405,0.0457714808465493,0.316324728980543,0.2587116429719,NA,"Delta_GDP","Delta_Per_Capita_GDP",NA,NA,NA
"Qatar",1965,1970,44.071,1919.0724,6788.252,0.618705338967585,1.04485048884254,0.263262980064309,NA,NA,"Delta_Per_Capita_GDP","%_change_Population","% change_GDP",NA
"Qatar",1995,2000,105.752,2430,2664.845,0.20289632625496,0.649385355424906,0.371178312454209,NA,NA,NA,NA,NA,"% change_Per_Capita_GDP"
"Qatar",2000,2005,158.703,3078,1929.171,0.253129366279404,0.498703823720026,0.195969023588861,"Delta Population","Delta_GDP",NA,NA,NA,NA
"Rwanda",1965,1970,504.531,911.2122,168.3435,0.154544145755734,0.508941914877253,0.306958946872262,NA,NA,"Delta_Per_Capita_GDP",NA,NA,"% change_Per_Capita_GDP"
"Rwanda",1995,2000,2817.587,2288,35.9182000000001,0.515982794634018,0.593053395541731,0.0508387037235981,"Delta Population","Delta_GDP",NA,"%_change_Population","% change_GDP",NA
"Sao.Tome.and.Principe",1975,1980,12.464,73,587.6741,0.152731996029752,0.629310344827586,0.413433792487611,NA,"Delta_GDP","Delta_Per_Capita_GDP",NA,"% change_GDP","% change_Per_Capita_GDP"
"Sao.Tome.and.Principe",2000,2005,27.656,60,139.1781,0.172906194513217,0.306122448979592,0.11357784648469,"Delta Population",NA,NA,"%_change_Population",NA,NA
"Saudi.Arabia",1970,1975,1095.769,38350.334,4163.406,0.17936812116972,0.823442412443411,0.546118151496215,NA,NA,"Delta_Per_Capita_GDP",NA,"% change_GDP","% change_Per_Capita_GDP"
"Saudi.Arabia",1975,1980,2794.341,47236.1769,1430.036,0.387843277139471,0.55622021649485,0.121322720322877,NA,"Delta_GDP",NA,"%_change_Population",NA,NA
"Saudi.Arabia",1990,1995,3907.182,17126,-902.054,0.243275022895864,0.11856990542655,-0.100303750946685,"Delta Population",NA,NA,NA,NA,NA
"Senegal",1870,1875,114.87420625,180.78213125,42.83214375,0.140837673636121,0.40340079788872,0.0746745660313806,NA,NA,NA,NA,"% change_GDP",NA
"Senegal",1985,1990,1215.522,1516.6593,-1.10320000000002,0.179145511273951,0.178109056752127,-0.000879040952933951,NA,NA,NA,"%_change_Population",NA,NA
"Senegal",1995,2000,1379.425,3211,150.5168,0.148341889489123,0.29701230228471,0.129465301752945,NA,NA,"Delta_Per_Capita_GDP",NA,NA,"% change_Per_Capita_GDP"
"Senegal",2000,2005,1601.844,3659,126.674,0.150008105159742,0.260947083155042,0.0964679394925156,"Delta Population","Delta_GDP",NA,NA,NA,NA
"Seychelles",1955,1960,5.789,20.952037,202.164,0.161374850165863,0.269854129623826,0.0934059072153389,NA,NA,NA,"%_change_Population",NA,NA
"Seychelles",1965,1970,6.32100000000001,22.71377,135.3763,0.132280004185414,0.195240671204581,0.0556051850027838,"Delta Population",NA,NA,NA,NA,NA
"Seychelles",1975,1980,4.328,87.017019,1136.8163,0.0725857847247845,0.441289087821418,0.343751773654193,NA,"Delta_GDP","Delta_Per_Capita_GDP",NA,"% change_GDP","% change_Per_Capita_GDP"
"Sierra.Leone",2000,2005,1058.868,1692,214.2507,0.219882287052552,0.858447488584475,0.523464446191085,"Delta Population","Delta_GDP","Delta_Per_Capita_GDP","%_change_Population","% change_GDP","% change_Per_Capita_GDP"
"Singapore",1935,1940,179,250.67567567568,127.0707027027,0.312937062937063,0.165356296018972,0.0691447581676328,NA,NA,NA,"%_change_Population",NA,NA
"Singapore",1965,1970,187.607,4176,1771.789,0.0994260427155652,0.82972382276972,0.664253649143828,NA,NA,NA,NA,"% change_GDP","% change_Per_Capita_GDP"
"Singapore",1990,1995,495.766,23354.7,4602.1686,0.162700928751928,0.538996076621278,0.323638771013501,"Delta Population",NA,"Delta_Per_Capita_GDP",NA,NA,NA
"Singapore",1995,2000,493.887,24215.59,3695.9233,0.139403240201577,0.363135621814299,0.196359306033323,NA,"Delta_GDP",NA,NA,NA,NA
"Somalia",1870,1875,105.536475,139.40205625,35.95036875,0.140837659758798,0.403400833730989,0.0746745536657352,NA,NA,NA,NA,"% change_GDP",NA
"Somalia",1950,1955,235.493,607,133.9744,0.0965953931446818,0.235636645962733,0.126793668796324,NA,NA,"Delta_Per_Capita_GDP",NA,NA,"% change_Per_Capita_GDP"
"Somalia",1975,1980,1665.784,1045,-165.1204,0.403555332890318,0.210685483870968,-0.137415166396614,"Delta Population",NA,NA,"%_change_Population",NA,NA
"Somalia",2000,2005,1366.727,1588,49.082,0.185049884087162,0.253674121405751,0.0579083092088039,NA,"Delta_GDP",NA,NA,NA,NA
"South.Africa",1870,1875,419.3023255814,892.09302325581,86.524534883721,0.164625962144248,0.408280559842476,0.100859492889057,NA,NA,NA,NA,"% change_GDP",NA
"South.Africa",1960,1965,2481.59,17852.73,517.887,0.142483772711744,0.33702029382543,0.170275060801132,NA,NA,"Delta_Per_Capita_GDP",NA,NA,"% change_Per_Capita_GDP"
"South.Africa",1980,1985,5002.5,8822.96000000001,-383.552,0.171016344752542,0.068706321002402,-0.0873687397167724,"Delta Population",NA,NA,"%_change_Population",NA,NA
"South.Africa",2000,2005,2419.35,29627,425.736,0.053686859384743,0.169002595476455,0.109440156951214,NA,"Delta_GDP",NA,NA,NA,NA
"South.Korea",1945,1950,2928.77,5564,170.9634,0.163463191382486,0.454723765936581,0.250339275014541,NA,NA,NA,"%_change_Population",NA,NA
"South.Korea",1960,1965,3920.86,10835,209.946,0.158200365233573,0.356473104128969,0.171190366907207,"Delta Population",NA,NA,NA,NA,NA
"South.Korea",1965,1970,3536,28647,730.9984,0.123184114265807,0.694809604656803,0.508933047726815,NA,NA,NA,NA,"% change_GDP",NA
"South.Korea",1985,1990,2063,141764,3034.0335,0.0505562907415576,0.612673195439655,0.535065955585854,NA,NA,NA,NA,NA,"% change_Per_Capita_GDP"
"South.Korea",1990,1995,2236.08,161367.2,3146.0639,0.0521607688539504,0.432445933270802,0.361432703924352,NA,NA,"Delta_Per_Capita_GDP",NA,NA,NA
"South.Korea",2000,2005,1166.32000000001,166468,3118.4713,0.0249007020669173,0.247245982037431,0.216943369808724,NA,"Delta_GDP",NA,NA,NA,NA
"Spain",1960,1965,1443.324,58675,1690.58565149692,0.0471040498528989,0.623412913439369,0.550383568535938,NA,NA,NA,NA,"% change_GDP","% change_Per_Capita_GDP"
"Spain",1965,1970,1791.968,61276,1556.89811281338,0.0558514979393016,0.401036689922379,0.326925891242065,NA,NA,NA,"%_change_Population",NA,NA
"Spain",1975,1980,1924.825,48163,856.207885096241,0.0541235566149427,0.162261137913376,0.102585300005714,"Delta Population",NA,NA,NA,NA,NA
"Spain",1995,2000,266.366000000002,113922.848857541,2761.3217824015,0.00670107949201653,0.22285501514032,0.214715112610562,NA,"Delta_GDP","Delta_Per_Capita_GDP",NA,NA,NA
"Sri.Lanka",1885,1890,173,824,202.8977,0.0545741324921136,0.308614232209738,0.240893522075369,NA,NA,NA,NA,NA,"% change_Per_Capita_GDP"
"Sri.Lanka",1950,1955,1160.682,2183,83.8317,0.154077665533844,0.231299004026277,0.0669116665783362,NA,NA,NA,"%_change_Population",NA,NA
"Sri.Lanka",1965,1970,1358.045,3941,169.2317,0.120600674471113,0.263242268385545,0.127290307440274,"Delta Population",NA,NA,NA,NA,NA
"Sri.Lanka",1975,1980,1276.777,6503,302.391,0.092659780583667,0.308975150852853,0.197971400530257,NA,NA,NA,NA,"% change_GDP",NA
"Sri.Lanka",1995,2000,959.986999999997,15226.26,637.2139,0.0519589267781639,0.278428589479543,0.215283613926249,NA,"Delta_GDP","Delta_Per_Capita_GDP",NA,NA,NA
"Sudan",1980,1985,4168.747,799.650399999999,-132.7184,0.21867125206515,0.0450316328408401,-0.142482818814787,"Delta Population",NA,NA,"%_change_Population",NA,NA
"Sudan",1995,2000,4053.243,10710,218.5791,0.134477900696562,0.445081660640818,0.273785580341268,NA,NA,NA,NA,"% change_GDP","% change_Per_Capita_GDP"
"Sudan",2000,2005,3569.011,12021,222.2168,0.104375874116006,0.345699249417652,0.218515626029439,NA,"Delta_GDP","Delta_Per_Capita_GDP",NA,NA,NA
"Swaziland",1960,1965,47.639,301.02795,642.0948,0.135398843799205,0.915450125631583,0.687028379712672,NA,NA,"Delta_Per_Capita_GDP",NA,"% change_GDP","% change_Per_Capita_GDP"
"Swaziland",1985,1990,162.165,349.83248,-62.3321999999998,0.224465050224859,0.193902437618431,-0.0249599665557062,"Delta Population",NA,NA,"%_change_Population",NA,NA
"Swaziland",1995,2000,104.901,440,163.2848,0.104394789664915,0.17749092375958,0.0661865955573513,NA,"Delta_GDP",NA,NA,NA,NA
"Sweden",1925,1930,86,5762,891.924765314887,0.0142266335814723,0.279193720321737,0.261250373404811,NA,NA,NA,NA,NA,"% change_Per_Capita_GDP"
"Sweden",1945,1950,379,11291,1315.07706945889,0.0571213262999246,0.312018128057037,0.241123507222475,"Delta Population",NA,NA,"%_change_Population","% change_GDP",NA
"Sweden",1995,2000,45,28454,3117.93934617157,0.00509799478871644,0.183237273400522,0.177235731774842,NA,"Delta_GDP","Delta_Per_Capita_GDP",NA,NA,NA
"Switzerland",1870,1875,95,1694,543.382982366033,0.0357815442561205,0.303529833363197,0.258498802756104,NA,NA,NA,NA,"% change_GDP","% change_Per_Capita_GDP"
"Switzerland",1960,1965,581,19402,2046.88513902087,0.108355091383812,0.290479541269295,0.164319586115759,"Delta Population",NA,NA,"%_change_Population",NA,NA
"Switzerland",1965,1970,324,19740,2400.00444626054,0.0545179202423019,0.229015604153373,0.165476262244056,NA,"Delta_GDP","Delta_Per_Capita_GDP",NA,NA,NA
"Syria",1970,1975,1157.495,19150.303,2029.8454,0.184960881603272,0.864361720494035,0.573352980971959,NA,NA,"Delta_Per_Capita_GDP",NA,"% change_GDP","% change_Per_Capita_GDP"
"Syria",1980,1985,1707.061,8830.18399999999,-217.4632,0.194568307448429,0.154651342573363,-0.0334153990509159,NA,NA,NA,"%_change_Population",NA,NA
"Syria",1990,1995,1873.611,31804,1476.1452,0.150659703252947,0.448613422856659,0.258941655535697,NA,"Delta_GDP",NA,NA,NA,NA
"Syria",2000,2005,2143.093,23154,399.1081,0.131432467709523,0.192717133463731,0.0541655546961384,"Delta Population",NA,NA,NA,NA,NA
"T.and.Tobago",1870,1875,24,137.25870625,176.450125,0.193548387096774,1.09056048671269,0.207381342579632,NA,NA,NA,"%_change_Population","% change_GDP",NA
"T.and.Tobago",1955,1960,120.35,2147,1934.9282,0.166967258601554,0.690131790421087,0.448311236947722,"Delta Population",NA,NA,NA,NA,"% change_Per_Capita_GDP"
"T.and.Tobago",2000,2005,-15,6135,5107.7564,-0.0119808306709265,0.401006601738676,0.417995358720872,NA,"Delta_GDP","Delta_Per_Capita_GDP",NA,NA,NA
"Taiwan",1945,1950,1316,4046,462.678,0.214332247557003,1.45434938892883,1.02115121679914,NA,NA,NA,"%_change_Population","% change_GDP","% change_Per_Capita_GDP"
"Taiwan",1960,1965,1905,8414,457.1653,0.175398213792468,0.572497788664353,0.337842578386795,"Delta Population",NA,NA,NA,NA,NA
"Taiwan",1995,2000,962,90723.5,3518.5957,0.0454395163194936,0.32090090727411,0.263488673073435,NA,"Delta_GDP","Delta_Per_Capita_GDP",NA,NA,NA
"Tanzania",1870,1875,343.4976875,181.94435,14.416225,0.140837712247141,0.403400755122262,0.0746745342367761,NA,NA,NA,NA,"% change_GDP",NA
"Tanzania",1990,1995,4538.618,1303.497,-39.9922999999999,0.180001859263582,0.0941017181634421,-0.0727965122300753,"Delta Population",NA,NA,"%_change_Population",NA,NA
"Tanzania",2000,2005,4058.452,6695,120.8586,0.120385553942354,0.378376850909913,0.230270104664938,NA,"Delta_GDP","Delta_Per_Capita_GDP",NA,NA,"% change_Per_Capita_GDP"
"Thailand",1955,1960,4061.43,7503,133.2058,0.173185560556932,0.338552477213248,0.140955296683166,NA,NA,NA,"%_change_Population",NA,NA
"Thailand",1970,1975,5181.13,19957,264.4484,0.139687475651016,0.317574233792686,0.156083857408197,"Delta Population",NA,NA,NA,NA,NA
"Thailand",1985,1990,3854.91,99134,1582.9944,0.0750832508631855,0.633047676215533,0.518996383995472,NA,NA,NA,NA,"% change_GDP","% change_Per_Capita_GDP"
"Thailand",1990,1995,3659.08,131365,1943.9399,0.0662916202267091,0.513682292399856,0.419576395179972,NA,"Delta_GDP","Delta_Per_Capita_GDP",NA,NA,NA
"Three.Small.Afr.",1955,1960,15.266,19,97.1499,0.335959507042254,0.487179487179487,0.113192094930923,NA,NA,NA,NA,"% change_GDP",NA
"Three.Small.Afr.",1970,1975,-10.504,49,487.0603,-0.0799945167505654,0.398373983739837,0.519962597219366,NA,NA,"Delta_Per_Capita_GDP",NA,NA,"% change_Per_Capita_GDP"
"Three.Small.Afr.",1975,1980,68.001,56,-216.1934,0.562898886635487,0.325581395348837,-0.151844443050661,NA,NA,NA,"%_change_Population",NA,NA
"Three.Small.Afr.",2000,2005,89.847,140,57.7358999999999,0.19038083795793,0.247787610619469,0.0482256237409202,"Delta Population","Delta_GDP",NA,NA,NA,NA
"Togo",1960,1965,191.872,519.29497,233.9123,0.131789271241157,0.511258286269647,0.335282475323848,NA,NA,"Delta_Per_Capita_GDP",NA,"% change_GDP","% change_Per_Capita_GDP"
"Togo",1965,1970,316.356,577.14388,143.7972,0.191990153977613,0.375985973655921,0.154360108535089,NA,"Delta_GDP",NA,NA,NA,NA
"Togo",1985,1990,566.527,303.3705,-51.0627000000001,0.192808664643265,0.121269156763621,-0.0599756375069637,NA,NA,NA,"%_change_Population",NA,NA
"Togo",1995,2000,746.079,87,-93.6202,0.188138873142262,0.0309939437121482,-0.132261492929846,"Delta Population",NA,NA,NA,NA,NA
"Tunisia",1970,1975,605.339,4637.679,619.1831,0.118725884439085,0.497895713581287,0.338930009480665,NA,NA,NA,NA,"% change_GDP","% change_Per_Capita_GDP"
"Tunisia",1980,1985,920.515,4312.296,217.6424,0.142866499368402,0.227366678789948,0.0739370695261694,"Delta Population",NA,NA,"%_change_Population",NA,NA
"Tunisia",1995,2000,591.281999999999,10408,859.7535,0.0658716743289055,0.314165836578224,0.232949393112063,NA,NA,"Delta_Per_Capita_GDP",NA,NA,NA
"Tunisia",2000,2005,511.826999999999,10586,819.1912,0.053496123826019,0.24314950501872,0.180022860423889,NA,"Delta_GDP",NA,NA,NA,NA
"Turkey",1945,1950,2331.64,12982,489.5108,0.124089409260245,0.609569422923416,0.431887505271646,NA,NA,NA,NA,"% change_GDP","% change_Per_Capita_GDP"
"Turkey",1955,1960,4072.55,12889,154.738,0.16867353612013,0.255086288790374,0.0739408366269623,NA,NA,NA,"%_change_Population",NA,NA
"Turkey",1980,1985,5949.04,47579,463.8376,0.132060112808635,0.262627991057875,0.115336536567919,"Delta Population",NA,NA,NA,NA,NA
"Turkey",2000,2005,5344.50999999999,107381,1003.543,0.0793786657517603,0.247426219838154,0.155689153758893,NA,"Delta_GDP","Delta_Per_Capita_GDP",NA,NA,NA
"UAE",1950,1955,11.195,498.26,3885.709,0.156529642058166,0.440999949196409,0.245968965583162,NA,NA,"Delta_Per_Capita_GDP",NA,NA,"% change_Per_Capita_GDP"
"UAE",1970,1975,273.202,7184.6612,912.591,1.09557322682451,1.1734637430705,0.0371690991976307,NA,NA,NA,"%_change_Population","% change_GDP",NA
"UAE",2000,2005,867.305,16062,1186.551,0.269408196882736,0.385910958410418,0.0917772296905488,"Delta Population","Delta_GDP",NA,NA,NA,NA
"UK",1875,1880,1784,7637.01199999999,43.6515497305759,0.05432564938031,0.0677290836653385,0.0127128030062689,NA,NA,NA,"%_change_Population",NA,NA
"UK",1935,1940,1358,58849.916,1056.9996851118,0.0289749935990441,0.216528925619835,0.182272585036089,NA,NA,NA,NA,"% change_GDP","% change_Per_Capita_GDP"
"UK",1960,1965,1978,77228,1106.30606282661,0.0377682731230428,0.170568591419888,0.127967217476401,"Delta Population",NA,NA,NA,NA,NA
"UK",1995,2000,1096.454,185409.276705516,2791.44991756681,0.0187665377959893,0.180703095293242,0.15895354969902,NA,"Delta_GDP","Delta_Per_Capita_GDP",NA,NA,NA
"Uganda",1870,1875,239.0333125,205.2415,23.3691875,0.140837727761493,0.403400814618396,0.0746745616112116,NA,NA,NA,NA,"% change_GDP",NA
"Uganda",1985,1990,3064.015,2207.3177,28.8954,0.212900897410411,0.275960166588939,0.0519904631792245,NA,NA,NA,"%_change_Population",NA,NA
"Uganda",1995,2000,3266.306,4802,110.0617,0.157872518622475,0.350102070574512,0.16601947825195,NA,NA,"Delta_Per_Capita_GDP",NA,NA,"% change_Per_Capita_GDP"
"Uganda",2000,2005,4243.568,5632,83.3953,0.177141406377122,0.304136515822443,0.107884386955758,"Delta Population","Delta_GDP",NA,NA,NA,NA
"Uruguay",1885,1890,122,24,-421.919,0.216312056737589,0.0165631469979296,-0.164225196748028,NA,NA,NA,"%_change_Population",NA,NA
"Uruguay",1925,1930,179,2478,1113.482,0.116688396349413,0.506748466257669,0.34930094762942,"Delta Population",NA,NA,NA,"% change_GDP","% change_Per_Capita_GDP"
"Uruguay",1975,1980,86,3799,1137.59,0.030239099859353,0.246592236790861,0.210002994267326,NA,"Delta_GDP","Delta_Per_Capita_GDP",NA,NA,NA
"Venezuela",1920,1925,122,2972.554,908.6339,0.0407754010695187,0.847196947695338,0.774827802096954,NA,NA,NA,NA,"% change_GDP","% change_Per_Capita_GDP"
"Venezuela",1945,1950,786.006,15829.947,2359.65,0.186125029599811,0.734668773497703,0.462467045560447,NA,NA,"Delta_Per_Capita_GDP",NA,NA,NA
"Venezuela",1950,1955,1161.491,16614,1287.903,0.231880536777157,0.444497953286781,0.172595817492711,NA,NA,NA,"%_change_Population",NA,NA
"Venezuela",1985,1990,2327.713,15805,-208.5581,0.136944360494235,0.109118148616088,-0.0244745564917305,"Delta Population",NA,NA,NA,NA,NA
"Venezuela",1990,1995,2223.778,32283,640.2631,0.115071278353232,0.200954882724964,0.0770207318365613,NA,"Delta_GDP",NA,NA,NA,NA
"Vietnam",1960,1965,5602.09,7369,77.6279000000001,0.176966150160411,0.291299363560897,0.0971423751809347,NA,NA,NA,"%_change_Population",NA,NA
"Vietnam",1985,1990,7189.63,13478,101.663,0.119641582631741,0.242930012076206,0.110114127119466,"Delta Population",NA,NA,NA,NA,NA
"Vietnam",1990,1995,6489.64,33233.23,360.3237,0.0964533230681884,0.481927377137139,0.351564745614804,NA,NA,NA,NA,"% change_GDP",NA
"Vietnam",2000,2005,4475.17,62158.65,647.1985,0.0566044370374502,0.434668730968407,0.357810772395941,NA,"Delta_GDP","Delta_Per_Capita_GDP",NA,NA,"% change_Per_Capita_GDP"
"W.Bank.and.Gaza",1990,1995,463,4012,939.8697,0.214948932219127,0.555524785378012,0.280321151800065,NA,NA,"Delta_Per_Capita_GDP","%_change_Population","% change_GDP","% change_Per_Capita_GDP"
"W.Bank.and.Gaza",1995,2000,532,4919,836.8633,0.203286205578907,0.437867188890867,0.194950261625453,NA,"Delta_GDP",NA,NA,NA,NA
"W.Bank.and.Gaza",2000,2005,613,-7153,-2737.2204,0.194664973007304,-0.442827957654925,-0.533616486653673,"Delta Population",NA,NA,NA,NA,NA
"X24.Sm.E.Asia",1965,1970,624.753999999999,2421.604,279.8303,0.156014076262738,0.335466196253773,0.155233575994057,NA,NA,NA,"%_change_Population",NA,NA
"X24.Sm.E.Asia",2000,2005,1037.964,10172.783,668.4642,0.109897374738058,0.353182181004295,0.219195748876557,"Delta Population","Delta_GDP","Delta_Per_Capita_GDP",NA,"% change_GDP","% change_Per_Capita_GDP"
"Yemen",1970,1975,836.258000000001,5420.9523,553.5804,0.117812037605384,0.620913662621525,0.45007714836112,NA,NA,"Delta_Per_Capita_GDP",NA,"% change_GDP","% change_Per_Capita_GDP"
"Yemen",1990,1995,2448.238,6382,55.1035999999999,0.197182846760008,0.226215794697292,0.0242510533885728,NA,NA,NA,"%_change_Population",NA,NA
"Yemen",1995,2000,2630.822,11189,289.5799,0.176989082176525,0.323437590333584,0.124426426759073,NA,"Delta_GDP",NA,NA,NA,NA
"Yemen",2000,2005,3249.958,10450,93.7662999999998,0.185763474885025,0.228250660725597,0.0358310842966684,"Delta Population",NA,NA,NA,NA,NA
"Zaire",1950,1955,1383.806,3239.161,163.9015,0.101984691013078,0.418999973482332,0.287676652295837,NA,"Delta_GDP","Delta_Per_Capita_GDP",NA,"% change_GDP","% change_Per_Capita_GDP"
"Zaire",1990,1995,7251.127,-6250.107,-214.9014,0.185700359803191,-0.313728892681458,-0.421210361354583,NA,NA,NA,"%_change_Population",NA,NA
"Zaire",2000,2005,8624.959,2630.845,12.4584,0.166349084663909,0.23310374525248,0.0572338445226241,"Delta Population",NA,NA,NA,NA,NA
"Zambia",1955,1960,385,1012.3819,224.0704,0.134193098640641,0.479616275484689,0.304554210199252,NA,NA,"Delta_Per_Capita_GDP",NA,"% change_GDP","% change_Per_Capita_GDP"
"Zambia",1980,1985,1084.888,126.5477,-126.9535,0.190338674653412,0.0243823062508776,-0.139419361548311,NA,NA,NA,"%_change_Population",NA,NA
"Zambia",1985,1990,1193.033,1115.3075,22.6138000000001,0.175842580289521,0.209774686047764,0.0288576118079645,"Delta Population",NA,NA,NA,NA,NA
"Zambia",2000,2005,910.118999999999,1722,102.5367,0.0891813458586363,0.263746362383213,0.160271692238436,NA,"Delta_GDP",NA,NA,NA,NA
"Zimbabwe",1950,1955,555.866,756,107.4648,0.19482530016813,0.378,0.153306644959895,NA,NA,NA,"%_change_Population",NA,NA
"Zimbabwe",1965,1970,829.264,2464,298.9213,0.176993779656763,0.534722222222222,0.303933930346235,NA,"Delta_GDP","Delta_Per_Capita_GDP",NA,"% change_GDP","% change_Per_Capita_GDP"
"Zimbabwe",1985,1990,1595.556,2336,20.2447,0.186386103222153,0.204374453193351,0.0151622489532126,"Delta Population",NA,NA,NA,NA,NA
"canada",1905,1910,1022,7262.528,503.944207477377,0.165747648394421,0.330683624801272,0.141485146149783,NA,NA,NA,"%_change_Population",NA,NA
"canada",1935,1940,552,18749.892,1417.6203798768,0.0495689655172414,0.426190476190476,0.358834457807764,NA,NA,NA,NA,"% change_GDP","% change_Per_Capita_GDP"
"canada",1955,1960,2216.409,28247,551.256515487883,0.138090955739549,0.214589046819567,0.0672161488448948,"Delta Population",NA,NA,NA,NA,NA
"canada",1995,2000,1409,128513.7741988,3261.1884614993,0.0474554578828601,0.225119858472477,0.16961523208702,NA,"Delta_GDP","Delta_Per_Capita_GDP",NA,NA,NA
"usa",1880,1885,6421,25336,86.0040633956919,0.127254350152602,0.157703415994423,0.027011708438028,NA,NA,NA,"%_change_Population",NA,NA
"usa",1940,1945,7837,715023.306,4699.01034471106,0.0590860770373274,0.769059543683918,0.670364271648873,NA,NA,"Delta_Per_Capita_GDP",NA,"% change_GDP","% change_Per_Capita_GDP"
"usa",1990,1995,16425.197,754950.667611622,1402.61472190214,0.0656661441183507,0.130092133238838,0.0604560719847094,"Delta Population",NA,NA,NA,NA,NA
"usa",1995,2000,15600.909,1474058.33238838,3863.88634508069,0.0585274581946874,0.224767378350764,0.157048283319545,NA,"Delta_GDP",NA,NA,NA,NA
